{
    "index": {
        "0": 0,
        "1": 1,
        "2": 2,
        "3": 3,
        "4": 4,
        "5": 5,
        "6": 6,
        "7": 7
    },
    "model_name": {
        "0": "XGBoostGBMModel",
        "1": "XGBoostGBMModel",
        "2": "XGBoostGBMModel",
        "3": "XGBoostGBMModel",
        "4": "ConstantModel",
        "5": "ConstantModel",
        "6": "ConstantModel",
        "7": "ConstantModel"
    },
    "fold_id": {
        "0": 0,
        "1": 1,
        "2": 2,
        "3": 3,
        "4": 0,
        "5": 1,
        "6": 2,
        "7": 3
    },
    "model_id": {
        "0": 0,
        "1": 0,
        "2": 0,
        "3": 0,
        "4": 1,
        "5": 1,
        "6": 1,
        "7": 1
    },
    "ACCURACY": {
        "0": 0.8144690782,
        "1": 0.8173333333,
        "2": 0.8148333333,
        "3": 0.8138333333,
        "4": 0.2210368395,
        "5": 0.219,
        "6": 0.2186666667,
        "7": 0.226
    },
    "AUC": {
        "0": 0.7817569982,
        "1": 0.7801334783,
        "2": 0.7801760495,
        "3": 0.7722964291,
        "4": 0.5,
        "5": 0.5,
        "6": 0.5,
        "7": 0.5
    },
    "AUCPR": {
        "0": 0.5415182601,
        "1": 0.535913334,
        "2": 0.5230443502,
        "3": 0.5397645879,
        "4": 0.0,
        "5": 0.0,
        "6": 0.0,
        "7": 0.0
    },
    "F05": {
        "0": 0.572640509,
        "1": 0.5686695279,
        "2": 0.5554357204,
        "3": 0.5715811966,
        "4": 0.2618276597,
        "5": 0.2595401754,
        "6": 0.2591656131,
        "7": 0.2673923332
    },
    "F1": {
        "0": 0.561509434,
        "1": 0.5422960725,
        "2": 0.5336623194,
        "3": 0.5473372781,
        "4": 0.3620477816,
        "5": 0.3593109106,
        "6": 0.3588621444,
        "7": 0.3686786297
    },
    "F2": {
        "0": 0.6386008887,
        "1": 0.6394393956,
        "2": 0.6451056985,
        "3": 0.6388302013,
        "4": 0.5865699372,
        "5": 0.5836886994,
        "6": 0.5832147937,
        "7": 0.593487395
    },
    "GINI": {
        "0": 0.5635139964,
        "1": 0.5602669567,
        "2": 0.560352099,
        "3": 0.5445928581,
        "4": 0.0,
        "5": 0.0,
        "6": 0.0,
        "7": 0.0
    },
    "LOGLOSS": {
        "0": 0.4295444275,
        "1": 0.4321128052,
        "2": 0.4329567714,
        "3": 0.4402996345,
        "4": 0.5282172313,
        "5": 0.5256633554,
        "6": 0.5252477438,
        "7": 0.5345193674
    },
    "MACROAUC": {
        "0": 0.7817569982,
        "1": 0.7801334783,
        "2": 0.7801760495,
        "3": 0.7722964291,
        "4": 0.5,
        "5": 0.5,
        "6": 0.5,
        "7": 0.5
    },
    "MCC": {
        "0": 0.4406401952,
        "1": 0.4151053128,
        "2": 0.3971368788,
        "3": 0.4214408769,
        "4": 0.0,
        "5": 0.0,
        "6": 0.0,
        "7": 0.0
    }
}