{
    "Relative Importance": {
        "15_Status1": 1.0,
        "16_Status2": 0.4761677682,
        "17_Status3": 0.3713319898,
        "1_BillAmt1": 0.2339999974,
        "7_CreditLimit": 0.1948539615,
        "9_PayAmt1": 0.1806425452,
        "10_PayAmt2": 0.1430647224,
        "18_Status4": 0.1325257719,
        "20_Status6": 0.1270411611,
        "12_PayAmt4": 0.1235299185,
        "11_PayAmt3": 0.1214550063,
        "4_BillAmt4": 0.1044148058,
        "2_BillAmt2": 0.0909132808,
        "0_Age": 0.0829532072,
        "13_PayAmt5": 0.0765683874,
        "6_BillAmt6": 0.0697224066,
        "5_BillAmt5": 0.0667891502,
        "3_BillAmt3": 0.0653172359,
        "14_PayAmt6": 0.0575802624,
        "21_CVTE:Marriage.0": 0.0518313088,
        "22_CVTE:Sex.0": 0.0439515412,
        "8_Education": 0.033927545
    },
    "Standard Deviation of Relative Importance": {
        "15_Status1": 0.0,
        "16_Status2": 0.0,
        "17_Status3": 0.0,
        "1_BillAmt1": 0.0,
        "7_CreditLimit": 0.0,
        "9_PayAmt1": 0.0,
        "10_PayAmt2": 0.0,
        "18_Status4": 0.0,
        "20_Status6": 0.0,
        "12_PayAmt4": 0.0,
        "11_PayAmt3": 0.0,
        "4_BillAmt4": 0.0,
        "2_BillAmt2": 0.0,
        "0_Age": 0.0,
        "13_PayAmt5": 0.0,
        "6_BillAmt6": 0.0,
        "5_BillAmt5": 0.0,
        "3_BillAmt3": 0.0,
        "14_PayAmt6": 0.0,
        "21_CVTE:Marriage.0": 0.0,
        "22_CVTE:Sex.0": 0.0,
        "8_Education": 0.0
    },
    "Description": {
        "15_Status1": "Status1 (Orig)",
        "16_Status2": "Status2 (Orig)",
        "17_Status3": "Status3 (Orig)",
        "1_BillAmt1": "BillAmt1 (Orig)",
        "7_CreditLimit": "CreditLimit (Orig)",
        "9_PayAmt1": "PayAmt1 (Orig)",
        "10_PayAmt2": "PayAmt2 (Orig)",
        "18_Status4": "Status4 (Orig)",
        "20_Status6": "Status6 (Orig)",
        "12_PayAmt4": "PayAmt4 (Orig)",
        "11_PayAmt3": "PayAmt3 (Orig)",
        "4_BillAmt4": "BillAmt4 (Orig)",
        "2_BillAmt2": "BillAmt2 (Orig)",
        "0_Age": "Age (Orig)",
        "13_PayAmt5": "PayAmt5 (Orig)",
        "6_BillAmt6": "BillAmt6 (Orig)",
        "5_BillAmt5": "BillAmt5 (Orig)",
        "3_BillAmt3": "BillAmt3 (Orig)",
        "14_PayAmt6": "PayAmt6 (Orig)",
        "21_CVTE:Marriage.0": "Out-of-fold mean of the response grouped by: ['Marriage'] using 5 folds [internal:(10, 3, 10)]",
        "22_CVTE:Sex.0": "Out-of-fold mean of the response grouped by: ['Sex'] using 5 folds [internal:(10, 3, 10)]",
        "8_Education": "Education (Orig)"
    },
    "Feature": {
        "15_Status1": "15_Status1",
        "16_Status2": "16_Status2",
        "17_Status3": "17_Status3",
        "1_BillAmt1": "1_BillAmt1",
        "7_CreditLimit": "7_CreditLimit",
        "9_PayAmt1": "9_PayAmt1",
        "10_PayAmt2": "10_PayAmt2",
        "18_Status4": "18_Status4",
        "20_Status6": "20_Status6",
        "12_PayAmt4": "12_PayAmt4",
        "11_PayAmt3": "11_PayAmt3",
        "4_BillAmt4": "4_BillAmt4",
        "2_BillAmt2": "2_BillAmt2",
        "0_Age": "0_Age",
        "13_PayAmt5": "13_PayAmt5",
        "6_BillAmt6": "6_BillAmt6",
        "5_BillAmt5": "5_BillAmt5",
        "3_BillAmt3": "3_BillAmt3",
        "14_PayAmt6": "14_PayAmt6",
        "21_CVTE:Marriage.0": "21_CVTE:Marriage.0",
        "22_CVTE:Sex.0": "22_CVTE:Sex.0",
        "8_Education": "8_Education"
    }
}