{
    "Relative Importance": {
        "Status1": 1.0,
        "Status2": 0.6643101573,
        "Status5": 0.3754568994,
        "Status4": 0.3042288721,
        "Status3": 0.2566704154,
        "Status6": 0.2186791748,
        "PayAmt2": 0.1283611506,
        "CreditLimit": 0.1240888163,
        "PayAmt1": 0.1074106321,
        "BillAmt1": 0.0623822138,
        "PayAmt3": 0.0526750311,
        "PayAmt6": 0.050559327,
        "BillAmt4": 0.03887292,
        "BillAmt6": 0.0382578447,
        "PayAmt4": 0.036366675,
        "PayAmt5": 0.0352393761,
        "BillAmt3": 0.0350131951,
        "BillAmt2": 0.0332441479,
        "BillAmt5": 0.03283526,
        "Age": 0.0075151902,
        "Marriage": 0.0048867879,
        "Education": 0.0033597343,
        "Sex": 0.0015116255,
        "ID": 0.0
    },
    "Standard Deviation of Relative Importance": {
        "Status1": 0.0,
        "Status2": 0.0,
        "Status5": 0.0,
        "Status4": 0.0,
        "Status3": 0.0,
        "Status6": 0.0,
        "PayAmt2": 0.0,
        "CreditLimit": 0.0,
        "PayAmt1": 0.0,
        "BillAmt1": 0.0,
        "PayAmt3": 0.0,
        "PayAmt6": 0.0,
        "BillAmt4": 0.0,
        "BillAmt6": 0.0,
        "PayAmt4": 0.0,
        "PayAmt5": 0.0,
        "BillAmt3": 0.0,
        "BillAmt2": 0.0,
        "BillAmt5": 0.0,
        "Age": 0.0,
        "Marriage": 0.0,
        "Education": 0.0,
        "Sex": 0.0,
        "ID": 0.0
    },
    "Original Feature": {
        "Status1": "Status1",
        "Status2": "Status2",
        "Status5": "Status5",
        "Status4": "Status4",
        "Status3": "Status3",
        "Status6": "Status6",
        "PayAmt2": "PayAmt2",
        "CreditLimit": "CreditLimit",
        "PayAmt1": "PayAmt1",
        "BillAmt1": "BillAmt1",
        "PayAmt3": "PayAmt3",
        "PayAmt6": "PayAmt6",
        "BillAmt4": "BillAmt4",
        "BillAmt6": "BillAmt6",
        "PayAmt4": "PayAmt4",
        "PayAmt5": "PayAmt5",
        "BillAmt3": "BillAmt3",
        "BillAmt2": "BillAmt2",
        "BillAmt5": "BillAmt5",
        "Age": "Age",
        "Marriage": "Marriage",
        "Education": "Education",
        "Sex": "Sex",
        "ID": "ID"
    }
}