{
    "Relative Importance": {
        "15_Status1": 1.0,
        "16_Status2": 0.4645605087,
        "17_Status3": 0.4503869712,
        "1_BillAmt1": 0.3255502284,
        "7_CreditLimit": 0.3053641021,
        "9_PayAmt1": 0.2047396749,
        "10_PayAmt2": 0.1428841054,
        "0_Age": 0.1323240697,
        "20_Status6": 0.1307653785,
        "11_PayAmt3": 0.1235901341,
        "18_Status4": 0.1142422184,
        "2_BillAmt2": 0.1130719334,
        "12_PayAmt4": 0.1097029597,
        "14_PayAmt6": 0.0975214615,
        "5_BillAmt5": 0.0970779434,
        "4_BillAmt4": 0.0930828378,
        "6_BillAmt6": 0.0930511802,
        "13_PayAmt5": 0.0914170071,
        "21_CVTE:Marriage.0": 0.0746465027,
        "3_BillAmt3": 0.070435442,
        "8_Education": 0.0645786077,
        "22_CVTE:Sex.0": 0.0536409058
    },
    "Standard Deviation of Relative Importance": {
        "15_Status1": 0.0,
        "16_Status2": 0.0,
        "17_Status3": 0.0,
        "1_BillAmt1": 0.0,
        "7_CreditLimit": 0.0,
        "9_PayAmt1": 0.0,
        "10_PayAmt2": 0.0,
        "0_Age": 0.0,
        "20_Status6": 0.0,
        "11_PayAmt3": 0.0,
        "18_Status4": 0.0,
        "2_BillAmt2": 0.0,
        "12_PayAmt4": 0.0,
        "14_PayAmt6": 0.0,
        "5_BillAmt5": 0.0,
        "4_BillAmt4": 0.0,
        "6_BillAmt6": 0.0,
        "13_PayAmt5": 0.0,
        "21_CVTE:Marriage.0": 0.0,
        "3_BillAmt3": 0.0,
        "8_Education": 0.0,
        "22_CVTE:Sex.0": 0.0
    },
    "Description": {
        "15_Status1": "Status1 (Orig)",
        "16_Status2": "Status2 (Orig)",
        "17_Status3": "Status3 (Orig)",
        "1_BillAmt1": "BillAmt1 (Orig)",
        "7_CreditLimit": "CreditLimit (Orig)",
        "9_PayAmt1": "PayAmt1 (Orig)",
        "10_PayAmt2": "PayAmt2 (Orig)",
        "0_Age": "Age (Orig)",
        "20_Status6": "Status6 (Orig)",
        "11_PayAmt3": "PayAmt3 (Orig)",
        "18_Status4": "Status4 (Orig)",
        "2_BillAmt2": "BillAmt2 (Orig)",
        "12_PayAmt4": "PayAmt4 (Orig)",
        "14_PayAmt6": "PayAmt6 (Orig)",
        "5_BillAmt5": "BillAmt5 (Orig)",
        "4_BillAmt4": "BillAmt4 (Orig)",
        "6_BillAmt6": "BillAmt6 (Orig)",
        "13_PayAmt5": "PayAmt5 (Orig)",
        "21_CVTE:Marriage.0": "Out-of-fold mean of the response grouped by: ['Marriage'] using 5 folds",
        "3_BillAmt3": "BillAmt3 (Orig)",
        "8_Education": "Education (Orig)",
        "22_CVTE:Sex.0": "Out-of-fold mean of the response grouped by: ['Sex'] using 5 folds"
    },
    "Feature": {
        "15_Status1": "15_Status1",
        "16_Status2": "16_Status2",
        "17_Status3": "17_Status3",
        "1_BillAmt1": "1_BillAmt1",
        "7_CreditLimit": "7_CreditLimit",
        "9_PayAmt1": "9_PayAmt1",
        "10_PayAmt2": "10_PayAmt2",
        "0_Age": "0_Age",
        "20_Status6": "20_Status6",
        "11_PayAmt3": "11_PayAmt3",
        "18_Status4": "18_Status4",
        "2_BillAmt2": "2_BillAmt2",
        "12_PayAmt4": "12_PayAmt4",
        "14_PayAmt6": "14_PayAmt6",
        "5_BillAmt5": "5_BillAmt5",
        "4_BillAmt4": "4_BillAmt4",
        "6_BillAmt6": "6_BillAmt6",
        "13_PayAmt5": "13_PayAmt5",
        "21_CVTE:Marriage.0": "21_CVTE:Marriage.0",
        "3_BillAmt3": "3_BillAmt3",
        "8_Education": "8_Education",
        "22_CVTE:Sex.0": "22_CVTE:Sex.0"
    }
}