{
    "Relative Importance": {
        "Status1": 1.0,
        "Status2": 0.4645605087,
        "Status3": 0.4503869712,
        "BillAmt1": 0.3255502284,
        "CreditLimit": 0.3053641021,
        "PayAmt1": 0.2047396749,
        "PayAmt2": 0.1428841054,
        "Age": 0.1323240697,
        "Status6": 0.1307653785,
        "PayAmt3": 0.1235901341,
        "Status4": 0.1142422184,
        "BillAmt2": 0.1130719334,
        "PayAmt4": 0.1097029597,
        "PayAmt6": 0.0975214615,
        "BillAmt5": 0.0970779434,
        "BillAmt4": 0.0930828378,
        "BillAmt6": 0.0930511802,
        "PayAmt5": 0.0914170071,
        "Marriage": 0.0746465027,
        "BillAmt3": 0.070435442,
        "Education": 0.0645786077,
        "Sex": 0.0536409058,
        "Status5": 0.0
    },
    "Standard Deviation of Relative Importance": {
        "Status1": 0.0,
        "Status2": 0.0,
        "Status3": 0.0,
        "BillAmt1": 0.0,
        "CreditLimit": 0.0,
        "PayAmt1": 0.0,
        "PayAmt2": 0.0,
        "Age": 0.0,
        "Status6": 0.0,
        "PayAmt3": 0.0,
        "Status4": 0.0,
        "BillAmt2": 0.0,
        "PayAmt4": 0.0,
        "PayAmt6": 0.0,
        "BillAmt5": 0.0,
        "BillAmt4": 0.0,
        "BillAmt6": 0.0,
        "PayAmt5": 0.0,
        "Marriage": 0.0,
        "BillAmt3": 0.0,
        "Education": 0.0,
        "Sex": 0.0,
        "Status5": 0.0
    },
    "Original Feature": {
        "Status1": "Status1",
        "Status2": "Status2",
        "Status3": "Status3",
        "BillAmt1": "BillAmt1",
        "CreditLimit": "CreditLimit",
        "PayAmt1": "PayAmt1",
        "PayAmt2": "PayAmt2",
        "Age": "Age",
        "Status6": "Status6",
        "PayAmt3": "PayAmt3",
        "Status4": "Status4",
        "BillAmt2": "BillAmt2",
        "PayAmt4": "PayAmt4",
        "PayAmt6": "PayAmt6",
        "BillAmt5": "BillAmt5",
        "BillAmt4": "BillAmt4",
        "BillAmt6": "BillAmt6",
        "PayAmt5": "PayAmt5",
        "Marriage": "Marriage",
        "BillAmt3": "BillAmt3",
        "Education": "Education",
        "Sex": "Sex",
        "Status5": "Status5"
    }
}