{
    "Coefficient": {
        "45_NumToCatWoE:PayAmt3:Status1:Status2.0": 56964.4765625,
        "61_NumToCatWoE:PayAmt2:Status1:Status2.0": 39222.32421875,
        "51_ClusterTE:ClusterID71:PayAmt3:Status1:Status3.0": 14221.431640625,
        "53_ClusterTE:ClusterID60:CreditLimit:PayAmt5:Status1.0": 7376.7387695312,
        "73_WoE:CreditLimit:Status1:Status2.0": 5572.3125,
        "44_CVCatNumEnc:Status1:Status2:Status3:Status6:CreditLimit.mean": 5544.7724609375,
        "56_NumToCatWoE:CreditLimit:PayAmt1:Status5.0": 5168.796875,
        "72_WoE:CreditLimit:Status1:Status2:Status4.0": 3696.5104980469,
        "33_NumToCatWoE:BillAmt5:Status5.0": 3674.3791503906,
        "48_NumCatTE:BillAmt2:CreditLimit:PayAmt4:PayAmt6:Status1:Status3.0": 3636.5244140625,
        "10_PayAmt2": 3453.6469726562,
        "47_WoE:Age:Status1:Status4:Status5.0": 3263.1303710938,
        "68_NumToCatWoE:BillAmt6:PayAmt3.0": 3258.263671875,
        "39_NumCatTE:CreditLimit:Status1:Status2:Status5.0": 3240.9448242188,
        "69_NumToCatWoE:BillAmt5:PayAmt1:PayAmt3:Status2.0": 3217.3173828125,
        "9_PayAmt1": 3156.8120117188,
        "7_CreditLimit": 3144.8815917969,
        "64_InteractionSub:BillAmt1:Status1": 2962.6452636719,
        "59_ClusterTE:ClusterID12:BillAmt5:Status4:Status5.0": 2908.6689453125,
        "50_NumCatTE:PayAmt4:PayAmt5:PayAmt6:Status1:Status2:Status3:Status4:Status5.0": 2727.2629394531,
        "1_BillAmt1": 2667.5632324219,
        "44_CVCatNumEnc:Status1:Status2:Status3:Status6:PayAmt5.mean": 2591.5859375,
        "12_PayAmt4": 2278.6013183594,
        "11_PayAmt3": 2191.7976074219,
        "14_PayAmt6": 2124.4853515625,
        "57_CVTE:CreditLimit:Status1:Status2:Status5.0": 2108.1867675781,
        "41_CVTE:CreditLimit:Status1:Status2:Status4.0": 2096.9289550781,
        "2_BillAmt2": 2035.14453125,
        "78_NumToCatWoE:PayAmt4.0": 1802.5999755859,
        "46_InteractionSub:Age:PayAmt5": 1722.66796875,
        "38_CVTE:CreditLimit:Status3:Status4:Status6.0": 1678.140625,
        "54_ClusterID89:BillAmt3:CreditLimit": 1662.8764648438,
        "21_Freq:Age": 1511.9194335938,
        "52_WoE:Status3.0": 1468.6337890625,
        "3_BillAmt3": 1436.373046875,
        "0_Age": 1427.8400878906,
        "65_Freq:CreditLimit:Status1:Status6": 1316.4536132812,
        "44_CVCatNumEnc:Status1:Status2:Status3:Status6:BillAmt1.mean": 1287.8623046875,
        "74_NumCatTE:Age:PayAmt5:PayAmt6:Status1:Status4.0": 1225.2003173828,
        "20_Status6": 1190.3854980469,
        "4_BillAmt4": 1180.1086425781,
        "77_ClusterID40:Age:BillAmt6": 1133.1745605469,
        "6_BillAmt6": 1075.9437255859,
        "5_BillAmt5": 1067.2431640625,
        "22_Freq:CreditLimit": 1033.9317626953,
        "37_Freq:Education": 994.4504394531,
        "13_PayAmt5": 961.9954833984,
        "34_Freq:Status1:Status2:Status5": 891.7673339844,
        "44_CVCatNumEnc:Status1:Status2:Status3:Status6:BillAmt2.mean": 841.6867675781,
        "8_Education": 823.5646972656,
        "49_CVCatNumEnc:CreditLimit:Status1:Status2:Status4:Age.min": 788.9108886719,
        "70_ClusterTE:ClusterID4:PayAmt1:Status1:Status2:Status3.0": 702.4969482422,
        "60_NumToCatTE:Status1.0": 686.1267700195,
        "42_WoE:Status1.0": 638.200378418,
        "18_Status4": 591.210144043,
        "62_ClusterTE:ClusterID94:Status1.0": 550.458190918,
        "55_ClusterID27:CreditLimit:PayAmt2:PayAmt6:Status1": 516.3804931641,
        "36_ClusterID69:BillAmt1:PayAmt3:Status1:Status3": 495.6581115723,
        "49_CVCatNumEnc:CreditLimit:Status1:Status2:Status4:PayAmt2.min": 459.8706970215,
        "66_NumCatTE:CreditLimit:PayAmt2:PayAmt3:PayAmt6:Status1:Status2:Status5.0": 405.0991516113,
        "49_CVCatNumEnc:CreditLimit:Status1:Status2:Status4:Status5.min": 387.111907959,
        "63_Freq:Status2": 278.3582458496,
        "19_Status5": 262.2822875977
    },
    "Shift of Coefficient": {
        "45_NumToCatWoE:PayAmt3:Status1:Status2.0": 48172.71484375,
        "61_NumToCatWoE:PayAmt2:Status1:Status2.0": 38910.73828125,
        "51_ClusterTE:ClusterID71:PayAmt3:Status1:Status3.0": 10442.044921875,
        "53_ClusterTE:ClusterID60:CreditLimit:PayAmt5:Status1.0": 6424.2607421875,
        "73_WoE:CreditLimit:Status1:Status2.0": 4728.8837890625,
        "44_CVCatNumEnc:Status1:Status2:Status3:Status6:CreditLimit.mean": 5113.3344726562,
        "56_NumToCatWoE:CreditLimit:PayAmt1:Status5.0": 4554.990234375,
        "72_WoE:CreditLimit:Status1:Status2:Status4.0": 3420.703125,
        "33_NumToCatWoE:BillAmt5:Status5.0": 3371.6557617188,
        "48_NumCatTE:BillAmt2:CreditLimit:PayAmt4:PayAmt6:Status1:Status3.0": 3408.5339355469,
        "10_PayAmt2": 3186.4328613281,
        "47_WoE:Age:Status1:Status4:Status5.0": 2967.3518066406,
        "68_NumToCatWoE:BillAmt6:PayAmt3.0": 2994.7983398438,
        "39_NumCatTE:CreditLimit:Status1:Status2:Status5.0": 2514.9973144531,
        "69_NumToCatWoE:BillAmt5:PayAmt1:PayAmt3:Status2.0": 3063.9577636719,
        "9_PayAmt1": 2695.3586425781,
        "7_CreditLimit": 3001.7915039062,
        "64_InteractionSub:BillAmt1:Status1": 2683.048828125,
        "59_ClusterTE:ClusterID12:BillAmt5:Status4:Status5.0": 2659.7661132812,
        "50_NumCatTE:PayAmt4:PayAmt5:PayAmt6:Status1:Status2:Status3:Status4:Status5.0": 2562.0161132812,
        "1_BillAmt1": 2410.271484375,
        "44_CVCatNumEnc:Status1:Status2:Status3:Status6:PayAmt5.mean": 2425.5827636719,
        "12_PayAmt4": 2054.8879394531,
        "11_PayAmt3": 1879.2788085938,
        "14_PayAmt6": 1871.8283691406,
        "57_CVTE:CreditLimit:Status1:Status2:Status5.0": 1772.8509521484,
        "41_CVTE:CreditLimit:Status1:Status2:Status4.0": 1761.1785888672,
        "2_BillAmt2": 1847.3637695312,
        "78_NumToCatWoE:PayAmt4.0": 1539.3360595703,
        "46_InteractionSub:Age:PayAmt5": 1551.0412597656,
        "38_CVTE:CreditLimit:Status3:Status4:Status6.0": 1584.2601318359,
        "54_ClusterID89:BillAmt3:CreditLimit": 1527.9827880859,
        "21_Freq:Age": 1304.494140625,
        "52_WoE:Status3.0": 1365.1959228516,
        "3_BillAmt3": 1256.7326660156,
        "0_Age": 1129.5593261719,
        "65_Freq:CreditLimit:Status1:Status6": 1188.0389404297,
        "44_CVCatNumEnc:Status1:Status2:Status3:Status6:BillAmt1.mean": 1143.4337158203,
        "74_NumCatTE:Age:PayAmt5:PayAmt6:Status1:Status4.0": 1058.4268798828,
        "20_Status6": 1132.0533447266,
        "4_BillAmt4": 1032.6315917969,
        "77_ClusterID40:Age:BillAmt6": 1096.2274169922,
        "6_BillAmt6": 969.8942260742,
        "5_BillAmt5": 975.6420898438,
        "22_Freq:CreditLimit": 949.5385131836,
        "37_Freq:Education": 916.0799560547,
        "13_PayAmt5": 900.6697387695,
        "34_Freq:Status1:Status2:Status5": 783.0603027344,
        "44_CVCatNumEnc:Status1:Status2:Status3:Status6:BillAmt2.mean": 627.0481567383,
        "8_Education": 762.5653686523,
        "49_CVCatNumEnc:CreditLimit:Status1:Status2:Status4:Age.min": 721.2609863281,
        "70_ClusterTE:ClusterID4:PayAmt1:Status1:Status2:Status3.0": 604.6801147461,
        "60_NumToCatTE:Status1.0": 580.22265625,
        "42_WoE:Status1.0": 574.4434814453,
        "18_Status4": 483.6271362305,
        "62_ClusterTE:ClusterID94:Status1.0": 461.861907959,
        "55_ClusterID27:CreditLimit:PayAmt2:PayAmt6:Status1": 462.2092895508,
        "36_ClusterID69:BillAmt1:PayAmt3:Status1:Status3": 433.1955871582,
        "49_CVCatNumEnc:CreditLimit:Status1:Status2:Status4:PayAmt2.min": 416.4276733398,
        "66_NumCatTE:CreditLimit:PayAmt2:PayAmt3:PayAmt6:Status1:Status2:Status5.0": 321.0927124023,
        "49_CVCatNumEnc:CreditLimit:Status1:Status2:Status4:Status5.min": 339.0443725586,
        "63_Freq:Status2": 113.391204834,
        "19_Status5": 81.3352966309
    },