{
    "Relative Importance": {
        "Status1": 1.0,
        "Status2": 0.6967583024,
        "PayAmt3": 0.6926602488,
        "CreditLimit": 0.2896949902,
        "Status3": 0.2826244535,
        "Status5": 0.1601704805,
        "Status4": 0.0961192427,
        "PayAmt5": 0.0867156352,
        "PayAmt1": 0.0683254741,
        "Age": 0.0641039329,
        "Status6": 0.0637255366,
        "PayAmt6": 0.0489785597,
        "PayAmt4": 0.0453403241,
        "BillAmt5": 0.041032635,
        "PayAmt2": 0.0391697111,
        "BillAmt1": 0.0383124784,
        "BillAmt2": 0.0324727537,
        "BillAmt6": 0.0209370735,
        "BillAmt3": 0.0162018232,
        "BillAmt4": 0.0075966214,
        "Education": 0.0071790155,
        "Sex": 0.0,
        "Marriage": 0.0
    },
    "Standard Deviation of Relative Importance": {
        "Status1": 0.0840837384,
        "Status2": 0.094457342,
        "PayAmt3": 0.1581068662,
        "CreditLimit": 0.0144097544,
        "Status3": 0.0536661391,
        "Status5": 0.0105283643,
        "Status4": 0.0054156414,
        "PayAmt5": 0.0156065353,
        "PayAmt1": 0.0110155124,
        "Age": 0.0048260139,
        "Status6": 0.0058630344,
        "PayAmt6": 0.0036570202,
        "PayAmt4": 0.0018115511,
        "BillAmt5": 0.004221534,
        "PayAmt2": 0.0058604564,
        "BillAmt1": 0.0045224149,
        "BillAmt2": 0.0008613281,
        "BillAmt6": 0.004882656,
        "BillAmt3": 0.0011524653,
        "BillAmt4": 0.0,
        "Education": 0.0004473979,
        "Sex": 0.0,
        "Marriage": 0.0
    }
}