{
    "0": {
        "Threshold (max F1 score)": 0.2546548466,
        "Population": 23999,
        "P: Condition positive": 18691,
        "N: Condition negative": 5308,
        "Test outcome positive": 17896,
        "Test outcome negative": 6103,
        "TP: True Positive": 15663,
        "TN: True Negative": 3075,
        "FP: False Positive": 2233,
        "FN: False Negative": 3028,
        "TPR: (Sensitivity, hit rate, recall)": 0.8379968969,
        "TNR=SPC: (Specificity)": 0.5793142427,
        "PPV: Pos Pred Value (Precision)": 0.8752235136,
        "NPV: Neg Pred Value": 0.5038505653,
        "FPR: False-out": 0.4206857573,
        "FDR: False Discovery Rate": 0.1247764864,
        "FNR: Miss Rate": 0.1620031031,
        "ACC: Accuracy": 0.7807825326,
        "F1 score": 0.8562057561,
        "MCC: Matthews correlation coefficient": 0.3977333728,
        "Informedness": 0.4173111396,
        "Markedness": 0.3790740789,
        "Prevalence": 0.7788241177,
        "LR+: Positive likelihood ratio": 1.9919782932,
        "LR-: Negative likelihood ratio": 0.2796463321,
        "DOR: Diagnostic odds ratio": 7.1232055081,
        "FOR: False omission rate": 0.4961494347
    },
    "1": {
        "Threshold (max F1 score)": 0.2546548466,
        "Population": 23999,
        "P: Condition positive": 5308,
        "N: Condition negative": 18691,
        "Test outcome positive": 6103,
        "Test outcome negative": 17896,
        "TP: True Positive": 3075,
        "TN: True Negative": 15663,
        "FP: False Positive": 3028,
        "FN: False Negative": 2233,
        "TPR: (Sensitivity, hit rate, recall)": 0.5793142427,
        "TNR=SPC: (Specificity)": 0.8379968969,
        "PPV: Pos Pred Value (Precision)": 0.5038505653,
        "NPV: Neg Pred Value": 0.8752235136,
        "FPR: False-out": 0.1620031031,
        "FDR: False Discovery Rate": 0.4961494347,
        "FNR: Miss Rate": 0.4206857573,
        "ACC: Accuracy": 0.7807825326,
        "F1 score": 0.5389536412,
        "MCC: Matthews correlation coefficient": 0.3977333728,
        "Informedness": 0.4173111396,
        "Markedness": 0.3790740789,
        "Prevalence": 0.2211758823,
        "LR+: Positive likelihood ratio": 3.5759453466,
        "LR-: Negative likelihood ratio": 0.5020135026,
        "DOR: Diagnostic odds ratio": 7.1232055081,
        "FOR: False omission rate": 0.1247764864
    }
}