{
    "gain": {
        "0.01": 0.0356066315,
        "0.02": 0.0663149962,
        "0.03": 0.0977769405,
        "0.04": 0.1284853052,
        "0.05": 0.1584400904,
        "0.1": 0.2982290882,
        "0.15": 0.4169178598,
        "0.2": 0.5101733233,
        "0.3": 0.6292388847,
        "0.4": 0.71213263,
        "0.5": 0.7889977393,
        "0.6": 0.8564431047,
        "0.7": 0.9107008289,
        "0.8": 0.9504521477,
        "0.9": 0.9798417483,
        "1.0": 1.0
    },
    "lift": {
        "0.01": 3.56066315,
        "0.02": 3.3157498116,
        "0.03": 3.2592313489,
        "0.04": 3.21213263,
        "0.05": 3.1688018086,
        "0.1": 2.9822908817,
        "0.15": 2.7794523989,
        "0.2": 2.5508666164,
        "0.3": 2.097462949,
        "0.4": 1.780331575,
        "0.5": 1.5779954785,
        "0.6": 1.4274051746,
        "0.7": 1.3010011842,
        "0.8": 1.1880651846,
        "0.9": 1.0887130537,
        "1.0": 1.0
    },
    "k-s": {
        "0.01": 0.0329315472,
        "0.02": 0.0595202822,
        "0.03": 0.0870766034,
        "0.04": 0.1136653384,
        "0.05": 0.1392864871,
        "0.1": 0.254571713,
        "0.15": 0.342764524,
        "0.2": 0.3983012993,
        "0.3": 0.4227758811,
        "0.4": 0.4008063232,
        "0.5": 0.3710960754,
        "0.6": 0.3292909995,
        "0.7": 0.2705531643,
        "0.8": 0.1931892939,
        "0.9": 0.1025211127,
        "1.0": 0.0
    }
}