{
    "fi": {
        "0": "48_WoE:Status1:Status6.0",
        "1": "67_BillAmt6",
        "2": "38_CVTE:Status4.0",
        "3": "36_CVTE:Status2.0",
        "4": "43_CVTE:CreditLimit:Marriage:Status6.0",
        "5": "19_Status5",
        "6": "6_NumToCatWoE:BillAmt6.0",
        "7": "57_CVTE:Education:Status4.0",
        "8": "61_Freq:Age:Status1:Status2:Status4",
        "9": "27_NumToCatWoEMonotonic:BillAmt3:BillAmt6.0",
        "10": "59_Freq:Marriage:Status2:Status3:Status4",
        "11": "55_Freq:Marriage:Status1",
        "12": "66_BillAmt2",
        "13": "56_Freq:Age:Sex:Status5:Status6",
        "14": "3_NumToCatWoE:BillAmt3.0",
        "15": "71_Status1",
        "16": "49_CVTE:Marriage:Status1.0",
        "17": "35_CVTE:Status1.0",
        "18": "34_Freq:Sex",
        "19": "42_Freq:CreditLimit:Marriage:Sex",
        "20": "2_NumToCatWoEMonotonic:BillAmt2.0",
        "21": "47_Freq:CreditLimit:Status3:Status4:Status5",
        "22": "39_WoE:Status5.0"
    },
    "fi_depth": {
        "0": 0,
        "1": 0,
        "2": 0,
        "3": 0,
        "4": 0,
        "5": 0,
        "6": 0,
        "7": 0,
        "8": 0,
        "9": 0,
        "10": 0,
        "11": 0,
        "12": 0,
        "13": 0,
        "14": 0,
        "15": 0,
        "16": 0,
        "17": 0,
        "18": 0,
        "19": 0,
        "20": 0,
        "21": 0,
        "22": 0
    },
    "gain": {
        "0": 0.0637980846,
        "1": 0.0528132895,
        "2": 0.0522758221,
        "3": 0.0202190451,
        "4": 0.0147347722,
        "5": 0.0147119834,
        "6": 0.0144793889,
        "7": 0.0138247453,
        "8": 0.0102177767,
        "9": 0.0099144845,
        "10": 0.0093689393,
        "11": 0.0090210282,
        "12": 0.0078767709,
        "13": 0.0067478478,
        "14": 0.0065286827,
        "15": 0.0052924395,
        "16": 0.0052160396,
        "17": 0.0039656024,
        "18": 0.0033266804,
        "19": 0.0030741331,
        "20": 0.0023940449,
        "21": 0.000645788,
        "22": -0.0008192338
    }
}