{
    "Relative Importance": {
        "Status1": 1.0,
        "Status2": 0.7993422607,
        "PayAmt3": 0.4852451675,
        "CreditLimit": 0.2994571261,
        "PayAmt2": 0.2647372297,
        "Status3": 0.2114905337,
        "Status5": 0.1504492973,
        "Status4": 0.11911464,
        "PayAmt5": 0.0997809467,
        "Status6": 0.0868343282,
        "PayAmt1": 0.0735818555,
        "Age": 0.0665359119,
        "BillAmt5": 0.0653026693,
        "PayAmt6": 0.0639046564,
        "PayAmt4": 0.0627631755,
        "BillAmt1": 0.044548556,
        "BillAmt2": 0.03913828,
        "BillAmt6": 0.0328530997,
        "BillAmt3": 0.0186231648,
        "Education": 0.0109243206,
        "BillAmt4": 0.0070911872,
        "Sex": 0.0,
        "Marriage": 0.0
    },
    "Standard Deviation of Relative Importance": {
        "Status1": 0.0716732659,
        "Status2": 0.0852202776,
        "PayAmt3": 0.114503001,
        "CreditLimit": 0.0121855588,
        "PayAmt2": 0.0916337178,
        "Status3": 0.0226170237,
        "Status5": 0.0092205361,
        "Status4": 0.0069074162,
        "PayAmt5": 0.0129825866,
        "Status6": 0.0090737011,
        "PayAmt1": 0.0095194372,
        "Age": 0.0044461444,
        "BillAmt5": 0.0059525747,
        "PayAmt6": 0.0070491705,
        "PayAmt4": 0.0040634932,
        "BillAmt1": 0.0060512779,
        "BillAmt2": 0.0068804116,
        "BillAmt6": 0.0061022749,
        "BillAmt3": 0.0006805213,
        "Education": 0.0005134201,
        "BillAmt4": 0.0,
        "Sex": 0.0,
        "Marriage": 0.0
    }
}