{
    "training_times": {
        "0": 13.2266044617
    },
    "training_times": {
        "7": 0.9837687016
    },
    "training_times": {
        "8": 1.9028661251
    }
}