{

    "training_times": {
        "0": 3.0018465519,
        "1": 1.9028661251,
        "2": 0.9699571133,
        "3": 0.9792561531,
        "4": 1.9054424763,
        "5": 1.8950619698,
        "6": 2.3083953857,
        "7": 0.9082331657,
        "8": 2.0553398132,
        "9": 6.6992106438,
        "10": 2.6672370434,
        "11": 1.3046066761,
        "12": 13.2266044617,
        "13": "",
        "14": "",
        "15": ""
    },
    "rel_time": {
        "0": 0.2269551918,
        "1": 0.1438665631,
        "2": 0.073333796,
        "3": 0.0740368517,
        "4": 0.1440613486,
        "5": 0.1432765284,
        "6": 0.1745266816,
        "7": 0.0686671449,
        "8": 0.1553943659,
        "9": 0.5064951223,
        "10": 0.2016569749,
        "11": 0.0986350412,
        "12": 1.0,
        "13": "",
        "14": "",
        "15": ""
    }
}