{
    "Relative Importance": {
        "Status1": 1.0,
        "Status2": 0.4761677682,
        "Status3": 0.3713319898,
        "BillAmt1": 0.2339999974,
        "CreditLimit": 0.1948539615,
        "PayAmt1": 0.1806425452,
        "PayAmt2": 0.1430647224,
        "Status4": 0.1325257719,
        "Status6": 0.1270411611,
        "PayAmt4": 0.1235299185,
        "PayAmt3": 0.1214550063,
        "BillAmt4": 0.1044148058,
        "BillAmt2": 0.0909132808,
        "Age": 0.0829532072,
        "PayAmt5": 0.0765683874,
        "BillAmt6": 0.0697224066,
        "BillAmt5": 0.0667891502,
        "BillAmt3": 0.0653172359,
        "PayAmt6": 0.0575802624,
        "Marriage": 0.0518313088,
        "Sex": 0.0439515412,
        "Education": 0.033927545,
        "ID": 0.0,
        "Status5": 0.0
    },
    "Shift in Relative Importance": {
        "Status1": 0.0,
        "Status2": 0.0116072595,
        "Status3": -0.0790549815,
        "BillAmt1": -0.091550231,
        "CreditLimit": -0.1105101407,
        "PayAmt1": -0.0240971297,
        "PayAmt2": 0.000180617,
        "Status4": 0.0182835534,
        "Status6": -0.0037242174,
        "PayAmt4": 0.0138269588,
        "PayAmt3": -0.0021351278,
        "BillAmt4": 0.011331968,
        "BillAmt2": -0.0221586525,
        "Age": -0.0493708625,
        "PayAmt5": -0.0148486197,
        "BillAmt6": -0.0233287737,
        "BillAmt5": -0.0302887931,
        "BillAmt3": -0.0051182061,
        "PayAmt6": -0.0399411991,
        "Marriage": -0.022815194,
        "Sex": -0.0096893646,
        "Education": -0.0306510627,
        "ID": 0.0,
        "Status5": 0.0
    },
    "Original Feature": {
        "Status1": "Status1",
        "Status2": "Status2",
        "Status3": "Status3",
        "BillAmt1": "BillAmt1",
        "CreditLimit": "CreditLimit",
        "PayAmt1": "PayAmt1",
        "PayAmt2": "PayAmt2",
        "Status4": "Status4",
        "Status6": "Status6",
        "PayAmt4": "PayAmt4",
        "PayAmt3": "PayAmt3",
        "BillAmt4": "BillAmt4",
        "BillAmt2": "BillAmt2",
        "Age": "Age",
        "PayAmt5": "PayAmt5",
        "BillAmt6": "BillAmt6",
        "BillAmt5": "BillAmt5",
        "BillAmt3": "BillAmt3",
        "PayAmt6": "PayAmt6",
        "Marriage": "Marriage",
        "Sex": "Sex",
        "Education": "Education",
        "ID": "ID",
        "Status5": "Status5"
    }
}