{
    "0": {
        "Threshold (max F1 score)": 0.2844110429,
        "Population": 23999,
        "P: Condition positive": 18691,
        "N: Condition negative": 5308,
        "Test outcome positive": 18367,
        "Test outcome negative": 5632,
        "TP: True Positive": 16034,
        "TN: True Negative": 2975,
        "FP: False Positive": 2333,
        "FN: False Negative": 2657,
        "TPR: (Sensitivity, hit rate, recall)": 0.8578460221,
        "TNR=SPC: (Specificity)": 0.5604747551,
        "PPV: Pos Pred Value (Precision)": 0.8729787118,
        "NPV: Neg Pred Value": 0.5282315341,
        "FPR: False-out": 0.4395252449,
        "FDR: False Discovery Rate": 0.1270212882,
        "FNR: Miss Rate": 0.1421539779,
        "ACC: Accuracy": 0.7920746698,
        "F1 score": 0.865346214,
        "MCC: Matthews correlation coefficient": 0.4096761915,
        "Informedness": 0.4183207772,
        "Markedness": 0.4012102459,
        "Prevalence": 0.7788241177,
        "LR+: Positive likelihood ratio": 1.9517559732,
        "LR-: Negative likelihood ratio": 0.2536313662,
        "DOR: Diagnostic odds ratio": 7.6952468558,
        "FOR: False omission rate": 0.4717684659
    },
    "1": {
        "Threshold (max F1 score)": 0.2844110429,
        "Population": 23999,
        "P: Condition positive": 5308,
        "N: Condition negative": 18691,
        "Test outcome positive": 5632,
        "Test outcome negative": 18367,
        "TP: True Positive": 2975,
        "TN: True Negative": 16034,
        "FP: False Positive": 2657,
        "FN: False Negative": 2333,
        "TPR: (Sensitivity, hit rate, recall)": 0.5604747551,
        "TNR=SPC: (Specificity)": 0.8578460221,
        "PPV: Pos Pred Value (Precision)": 0.5282315341,
        "NPV: Neg Pred Value": 0.8729787118,
        "FPR: False-out": 0.1421539779,
        "FDR: False Discovery Rate": 0.4717684659,
        "FNR: Miss Rate": 0.4395252449,
        "ACC: Accuracy": 0.7920746698,
        "F1 score": 0.5438756856,
        "MCC: Matthews correlation coefficient": 0.4096761915,
        "Informedness": 0.4183207772,
        "Markedness": 0.4012102459,
        "Prevalence": 0.2211758823,
        "LR+: Positive likelihood ratio": 3.942730014,
        "LR-: Negative likelihood ratio": 0.5123591339,
        "DOR: Diagnostic odds ratio": 7.6952468558,
        "FOR: False omission rate": 0.1270212882
    }
}