{
    "Coefficient": {
        "0_Age": 792.383972168,
        "10_PayAmt2": 1366.5799560547,
        "11_PayAmt3": 1160.1600341797,
        "12_PayAmt4": 1179.9799804688,
        "13_PayAmt5": 731.3950195312,
        "14_PayAmt6": 550.0170288086,
        "15_Status1": 9552.1796875,
        "16_Status2": 4548.4399414062,
        "17_Status3": 3547.0300292969,
        "18_Status4": 1265.9100341797,
        "1_BillAmt1": 2235.2099609375,
        "20_Status6": 1213.5200195312,
        "21_CVTE:Marriage.0": 495.1019897461,
        "22_CVTE:Sex.0": 419.8330078125,
        "2_BillAmt2": 868.4199829102,
        "3_BillAmt3": 623.9219970703,
        "4_BillAmt4": 997.3889770508,
        "5_BillAmt5": 637.9819946289,
        "6_BillAmt6": 666.0009765625,
        "7_CreditLimit": 1861.2800292969,
        "8_Education": 324.0820007324,
        "9_PayAmt1": 1725.5300292969
    },
    "Standard Deviation of Coefficient": {
        "0_Age": 0.0,
        "10_PayAmt2": 0.0,
        "11_PayAmt3": 0.0,
        "12_PayAmt4": 0.0,
        "13_PayAmt5": 0.0,
        "14_PayAmt6": 0.0,
        "15_Status1": 0.0,
        "16_Status2": 0.0,
        "17_Status3": 0.0,
        "18_Status4": 0.0,
        "1_BillAmt1": 0.0,
        "20_Status6": 0.0,
        "21_CVTE:Marriage.0": 0.0,
        "22_CVTE:Sex.0": 0.0,
        "2_BillAmt2": 0.0,
        "3_BillAmt3": 0.0,
        "4_BillAmt4": 0.0,
        "5_BillAmt5": 0.0,
        "6_BillAmt6": 0.0,
        "7_CreditLimit": 0.0,
        "8_Education": 0.0,
        "9_PayAmt1": 0.0
    },
    "Description": {
        "0_Age": "Age (Orig)",
        "10_PayAmt2": "PayAmt2 (Orig)",
        "11_PayAmt3": "PayAmt3 (Orig)",
        "12_PayAmt4": "PayAmt4 (Orig)",
        "13_PayAmt5": "PayAmt5 (Orig)",
        "14_PayAmt6": "PayAmt6 (Orig)",
        "15_Status1": "Status1 (Orig)",
        "16_Status2": "Status2 (Orig)",
        "17_Status3": "Status3 (Orig)",
        "18_Status4": "Status4 (Orig)",
        "1_BillAmt1": "BillAmt1 (Orig)",
        "20_Status6": "Status6 (Orig)",
        "21_CVTE:Marriage.0": "Out-of-fold mean of the response grouped by: ['Marriage'] using 5 folds [internal:(10, 3, 10)]",
        "22_CVTE:Sex.0": "Out-of-fold mean of the response grouped by: ['Sex'] using 5 folds [internal:(10, 3, 10)]",
        "2_BillAmt2": "BillAmt2 (Orig)",
        "3_BillAmt3": "BillAmt3 (Orig)",
        "4_BillAmt4": "BillAmt4 (Orig)",
        "5_BillAmt5": "BillAmt5 (Orig)",
        "6_BillAmt6": "BillAmt6 (Orig)",
        "7_CreditLimit": "CreditLimit (Orig)",
        "8_Education": "Education (Orig)",
        "9_PayAmt1": "PayAmt1 (Orig)"
    },
    "Feature": {
        "0_Age": "0_Age",
        "10_PayAmt2": "10_PayAmt2",
        "11_PayAmt3": "11_PayAmt3",
        "12_PayAmt4": "12_PayAmt4",
        "13_PayAmt5": "13_PayAmt5",
        "14_PayAmt6": "14_PayAmt6",
        "15_Status1": "15_Status1",
        "16_Status2": "16_Status2",
        "17_Status3": "17_Status3",
        "18_Status4": "18_Status4",
        "1_BillAmt1": "1_BillAmt1",
        "20_Status6": "20_Status6",
        "21_CVTE:Marriage.0": "21_CVTE:Marriage.0",
        "22_CVTE:Sex.0": "22_CVTE:Sex.0",
        "2_BillAmt2": "2_BillAmt2",
        "3_BillAmt3": "3_BillAmt3",
        "4_BillAmt4": "4_BillAmt4",
        "5_BillAmt5": "5_BillAmt5",
        "6_BillAmt6": "6_BillAmt6",
        "7_CreditLimit": "7_CreditLimit",
        "8_Education": "8_Education",
        "9_PayAmt1": "9_PayAmt1"
    }
}