{
    "gain": {
        "0.01": 0.0360543236,
        "0.02": 0.0665943535,
        "0.03": 0.0970895025,
        "0.04": 0.1289959544,
        "0.05": 0.157837752,
        "0.1": 0.3016971199,
        "0.15": 0.4185222119,
        "0.2": 0.5045542672,
        "0.3": 0.630066338,
        "0.4": 0.7148200666,
        "0.5": 0.7907451025,
        "0.6": 0.8563875239,
        "0.7": 0.9060807695,
        "0.8": 0.950294485,
        "0.9": 0.9791757212,
        "1.0": 1.0
    },
    "lift": {
        "0.01": 3.6054323568,
        "0.02": 3.3297176764,
        "0.03": 3.2363167492,
        "0.04": 3.2248988601,
        "0.05": 3.1567550409,
        "0.1": 3.0169711994,
        "0.15": 2.7901480791,
        "0.2": 2.5227713362,
        "0.3": 2.1002211265,
        "0.4": 1.7870501666,
        "0.5": 1.5814902049,
        "0.6": 1.4273125399,
        "0.7": 1.2944010993,
        "0.8": 1.1878681062,
        "0.9": 1.0879730236,
        "1.0": 1.0
    },
    "k-s": {
        "0.01": 0.0334153404,
        "0.02": 0.0597621788,
        "0.03": 0.0861090172,
        "0.04": 0.1141491315,
        "0.05": 0.1383189008,
        "0.1": 0.2586839545,
        "0.15": 0.3444577999,
        "0.2": 0.3905606094,
        "0.3": 0.4235015708,
        "0.4": 0.4041928751,
        "0.5": 0.3732731444,
        "0.6": 0.3292909995,
        "0.7": 0.2645057503,
        "0.8": 0.1929473974,
        "0.9": 0.1015535265,
        "1.0": 0.0
    }
}