{
    "gain": {
        "0.01": 0.0376789751,
        "0.02": 0.0723436323,
        "0.03": 0.1017332329,
        "0.04": 0.131876413,
        "0.05": 0.1642803316,
        "0.1": 0.3021853806,
        "0.15": 0.419743783,
        "0.2": 0.5041446873,
        "0.3": 0.6322532027,
        "0.4": 0.7204220045,
        "0.5": 0.7995478523,
        "0.6": 0.851544838,
        "0.7": 0.9110776187,
        "0.8": 0.9585531274,
        "0.9": 0.9849284099,
        "1.0": 1.0
    },
    "lift": {
        "0.01": 3.7678975132,
        "0.02": 3.6171816127,
        "0.03": 3.3911077619,
        "0.04": 3.296910324,
        "0.05": 3.2856066315,
        "0.1": 3.0218538056,
        "0.15": 2.7982918865,
        "0.2": 2.5207234363,
        "0.3": 2.1075106757,
        "0.4": 1.8010550113,
        "0.5": 1.5990957046,
        "0.6": 1.4192413966,
        "0.7": 1.3015394553,
        "0.8": 1.1981914092,
        "0.9": 1.0943648999,
        "1.0": 1.0
    },
    "k-s": {
        "0.01": 0.0355390222,
        "0.02": 0.0672077452,
        "0.03": 0.0921034447,
        "0.04": 0.117966719,
        "0.05": 0.1467327176,
        "0.1": 0.2596003174,
        "0.15": 0.3463433978,
        "0.2": 0.3905131872,
        "0.3": 0.426603727,
        "0.4": 0.4114128027,
        "0.5": 0.3846109809,
        "0.6": 0.3229764665,
        "0.7": 0.2710177,
        "0.8": 0.2035777368,
        "0.9": 0.1090456794,
        "1.0": 0.0
    }
}