{
    "Coefficient": {
        "45_NumToCatWoE:PayAmt3:Status1:Status2.0": 8791.7607421875,
        "51_ClusterTE:ClusterID71:PayAmt3:Status1:Status3.0": 3779.38671875,
        "53_ClusterTE:ClusterID60:CreditLimit:PayAmt5:Status1.0": 952.4782714844,
        "73_WoE:CreditLimit:Status1:Status2.0": 843.428894043,
        "39_NumCatTE:CreditLimit:Status1:Status2:Status5.0": 725.9475708008,
        "56_NumToCatWoE:CreditLimit:PayAmt1:Status5.0": 613.8067016602,
        "9_PayAmt1": 461.4534301758,
        "44_CVCatNumEnc:Status1:Status2:Status3:Status6:CreditLimit.mean": 431.438079834,
        "41_CVTE:CreditLimit:Status1:Status2:Status4.0": 335.7503967285,
        "57_CVTE:CreditLimit:Status1:Status2:Status5.0": 335.3358459473,
        "11_PayAmt3": 312.5187988281,
        "61_NumToCatWoE:PayAmt2:Status1:Status2.0": 311.5864868164,
        "33_NumToCatWoE:BillAmt5:Status5.0": 302.7234191895,
        "0_Age": 298.2807617188,
        "47_WoE:Age:Status1:Status4:Status5.0": 295.7785339355,
        "64_InteractionSub:BillAmt1:Status1": 279.5965270996,
        "72_WoE:CreditLimit:Status1:Status2:Status4.0": 275.8073120117,
        "10_PayAmt2": 267.214050293,
        "68_NumToCatWoE:BillAmt6:PayAmt3.0": 263.4652709961,
        "78_NumToCatWoE:PayAmt4.0": 263.263885498,
        "1_BillAmt1": 257.2916564941,
        "14_PayAmt6": 252.6569976807,
        "59_ClusterTE:ClusterID12:BillAmt5:Status4:Status5.0": 248.9028930664,
        "48_NumCatTE:BillAmt2:CreditLimit:PayAmt4:PayAmt6:Status1:Status3.0": 227.9904937744,
        "12_PayAmt4": 223.7132873535,
        "44_CVCatNumEnc:Status1:Status2:Status3:Status6:BillAmt2.mean": 214.6386108398,
        "21_Freq:Age": 207.4252929688,
        "2_BillAmt2": 187.7807159424,
        "19_Status5": 180.9469909668,
        "3_BillAmt3": 179.6404418945,
        "46_InteractionSub:Age:PayAmt5": 171.6267242432,
        "74_NumCatTE:Age:PayAmt5:PayAmt6:Status1:Status4.0": 166.7734222412,
        "44_CVCatNumEnc:Status1:Status2:Status3:Status6:PayAmt5.mean": 166.0030975342,
        "50_NumCatTE:PayAmt4:PayAmt5:PayAmt6:Status1:Status2:Status3:Status4:Status5.0": 165.2467498779,
        "63_Freq:Status2": 164.9670410156,
        "69_NumToCatWoE:BillAmt5:PayAmt1:PayAmt3:Status2.0": 153.359664917,
        "4_BillAmt4": 147.4770050049,
        "44_CVCatNumEnc:Status1:Status2:Status3:Status6:BillAmt1.mean": 144.4286193848,
        "7_CreditLimit": 143.0901641846,
        "54_ClusterID89:BillAmt3:CreditLimit": 134.893661499,
        "65_Freq:CreditLimit:Status1:Status6": 128.4146728516,
        "34_Freq:Status1:Status2:Status5": 108.7070617676,
        "18_Status4": 107.5830230713,
        "6_BillAmt6": 106.0495223999,
        "60_NumToCatTE:Status1.0": 105.9041213989,
        "52_WoE:Status3.0": 103.4378738403,
        "70_ClusterTE:ClusterID4:PayAmt1:Status1:Status2:Status3.0": 97.8168487549,
        "38_CVTE:CreditLimit:Status3:Status4:Status6.0": 93.8804779053,
        "5_BillAmt5": 91.6010894775,
        "62_ClusterTE:ClusterID94:Status1.0": 88.5962905884,
        "22_Freq:CreditLimit": 84.3932266235,
        "66_NumCatTE:CreditLimit:PayAmt2:PayAmt3:PayAmt6:Status1:Status2:Status5.0": 84.006439209,
        "37_Freq:Education": 78.3704681396,
        "49_CVCatNumEnc:CreditLimit:Status1:Status2:Status4:Age.min": 67.6499023438,
        "42_WoE:Status1.0": 63.7569084167,
        "36_ClusterID69:BillAmt1:PayAmt3:Status1:Status3": 62.4625282288,
        "13_PayAmt5": 61.3257293701,
        "8_Education": 60.9993515015,
        "20_Status6": 58.3321800232,
        "55_ClusterID27:CreditLimit:PayAmt2:PayAmt6:Status1": 54.1711997986,
        "49_CVCatNumEnc:CreditLimit:Status1:Status2:Status4:Status5.min": 48.067527771,
        "49_CVCatNumEnc:CreditLimit:Status1:Status2:Status4:PayAmt2.min": 43.4430198669,
        "77_ClusterID40:Age:BillAmt6": 36.9470977783
    },
    "Standard Deviation of Coefficient": {
        "45_NumToCatWoE:PayAmt3:Status1:Status2.0": 0.0,
        "51_ClusterTE:ClusterID71:PayAmt3:Status1:Status3.0": 0.0,
        "53_ClusterTE:ClusterID60:CreditLimit:PayAmt5:Status1.0": 0.0,
        "73_WoE:CreditLimit:Status1:Status2.0": 0.0,
        "39_NumCatTE:CreditLimit:Status1:Status2:Status5.0": 0.0,
        "56_NumToCatWoE:CreditLimit:PayAmt1:Status5.0": 0.0,
        "9_PayAmt1": 0.0,
        "44_CVCatNumEnc:Status1:Status2:Status3:Status6:CreditLimit.mean": 0.0,
        "41_CVTE:CreditLimit:Status1:Status2:Status4.0": 0.0,
        "57_CVTE:CreditLimit:Status1:Status2:Status5.0": 0.0,
        "11_PayAmt3": 0.0,
        "61_NumToCatWoE:PayAmt2:Status1:Status2.0": 0.0,
        "33_NumToCatWoE:BillAmt5:Status5.0": 0.0,
        "0_Age": 0.0,
        "47_WoE:Age:Status1:Status4:Status5.0": 0.0,
        "64_InteractionSub:BillAmt1:Status1": 0.0,
        "72_WoE:CreditLimit:Status1:Status2:Status4.0": 0.0,
        "10_PayAmt2": 0.0,
        "68_NumToCatWoE:BillAmt6:PayAmt3.0": 0.0,
        "78_NumToCatWoE:PayAmt4.0": 0.0,
        "1_BillAmt1": 0.0,
        "14_PayAmt6": 0.0,
        "59_ClusterTE:ClusterID12:BillAmt5:Status4:Status5.0": 0.0,
        "48_NumCatTE:BillAmt2:CreditLimit:PayAmt4:PayAmt6:Status1:Status3.0": 0.0,
        "12_PayAmt4": 0.0,
        "44_CVCatNumEnc:Status1:Status2:Status3:Status6:BillAmt2.mean": 0.0,
        "21_Freq:Age": 0.0,
        "2_BillAmt2": 0.0,
        "19_Status5": 0.0,
        "3_BillAmt3": 0.0,
        "46_InteractionSub:Age:PayAmt5": 0.0,
        "74_NumCatTE:Age:PayAmt5:PayAmt6:Status1:Status4.0": 0.0,
        "44_CVCatNumEnc:Status1:Status2:Status3:Status6:PayAmt5.mean": 0.0,
        "50_NumCatTE:PayAmt4:PayAmt5:PayAmt6:Status1:Status2:Status3:Status4:Status5.0": 0.0,
        "63_Freq:Status2": 0.0,
        "69_NumToCatWoE:BillAmt5:PayAmt1:PayAmt3:Status2.0": 0.0,
        "4_BillAmt4": 0.0,
        "44_CVCatNumEnc:Status1:Status2:Status3:Status6:BillAmt1.mean": 0.0,
        "7_CreditLimit": 0.0,
        "54_ClusterID89:BillAmt3:CreditLimit": 0.0,
        "65_Freq:CreditLimit:Status1:Status6": 0.0,
        "34_Freq:Status1:Status2:Status5": 0.0,
        "18_Status4": 0.0,
        "6_BillAmt6": 0.0,
        "60_NumToCatTE:Status1.0": 0.0,
        "52_WoE:Status3.0": 0.0,
        "70_ClusterTE:ClusterID4:PayAmt1:Status1:Status2:Status3.0": 0.0,
        "38_CVTE:CreditLimit:Status3:Status4:Status6.0": 0.0,
        "5_BillAmt5": 0.0,
        "62_ClusterTE:ClusterID94:Status1.0": 0.0,
        "22_Freq:CreditLimit": 0.0,
        "66_NumCatTE:CreditLimit:PayAmt2:PayAmt3:PayAmt6:Status1:Status2:Status5.0": 0.0,
        "37_Freq:Education": 0.0,
        "49_CVCatNumEnc:CreditLimit:Status1:Status2:Status4:Age.min": 0.0,
        "42_WoE:Status1.0": 0.0,
        "36_ClusterID69:BillAmt1:PayAmt3:Status1:Status3": 0.0,
        "13_PayAmt5": 0.0,
        "8_Education": 0.0,
        "20_Status6": 0.0,
        "55_ClusterID27:CreditLimit:PayAmt2:PayAmt6:Status1": 0.0,
        "49_CVCatNumEnc:CreditLimit:Status1:Status2:Status4:Status5.min": 0.0,
        "49_CVCatNumEnc:CreditLimit:Status1:Status2:Status4:PayAmt2.min": 0.0,
        "77_ClusterID40:Age:BillAmt6": 0.0
    },
    "Description": {
        "45_NumToCatWoE:PayAmt3:Status1:Status2.0": "Weight of Evidence for columns ['PayAmt3', 'Status1', 'Status2'] column #0 (numeric columns are bucketed into 25 equally populated bins)",
        "51_ClusterTE:ClusterID71:PayAmt3:Status1:Status3.0": "Out-of-fold mean of the response grouped by: ['ClusterID71:PayAmt3:Status1:Status3'] using 5 folds (Clustered into 71 clusters)",
        "53_ClusterTE:ClusterID60:CreditLimit:PayAmt5:Status1.0": "Out-of-fold mean of the response grouped by: ['ClusterID60:CreditLimit:PayAmt5:Status1'] using 5 folds (Clustered into 60 clusters)",
        "73_WoE:CreditLimit:Status1:Status2.0": "Weight of Evidence for columns ['CreditLimit', 'Status1', 'Status2'] column #0",