{
    "Relative Importance": {
        "45_NumToCatWoE:PayAmt3:Status1:Status2.0": 1.0,
        "61_NumToCatWoE:PayAmt2:Status1:Status2.0": 0.6885400414,
        "51_ClusterTE:ClusterID71:PayAmt3:Status1:Status3.0": 0.2496543825,
        "53_ClusterTE:ClusterID60:CreditLimit:PayAmt5:Status1.0": 0.1294971704,
        "73_WoE:CreditLimit:Status1:Status2.0": 0.0978208333,
        "44_CVCatNumEnc:Status1:Status2:Status3:Status6:CreditLimit.mean": 0.0973373726,
        "56_NumToCatWoE:CreditLimit:PayAmt1:Status5.0": 0.0907371938,
        "72_WoE:CreditLimit:Status1:Status2:Status4.0": 0.0648915023,
        "33_NumToCatWoE:BillAmt5:Status5.0": 0.0645029917,
        "48_NumCatTE:BillAmt2:CreditLimit:PayAmt4:PayAmt6:Status1:Status3.0": 0.0638384596,
        "10_PayAmt2": 0.0606280826,
        "47_WoE:Age:Status1:Status4:Status5.0": 0.0572836027,
        "68_NumToCatWoE:BillAmt6:PayAmt3.0": 0.0571981668,
        "39_NumCatTE:CreditLimit:Status1:Status2:Status5.0": 0.0568941385,
        "69_NumToCatWoE:BillAmt5:PayAmt1:PayAmt3:Status2.0": 0.0564793646,
        "9_PayAmt1": 0.0554172024,
        "7_CreditLimit": 0.0552077666,
        "64_InteractionSub:BillAmt1:Status1": 0.0520086437,
        "59_ClusterTE:ClusterID12:BillAmt5:Status4:Status5.0": 0.0510611013,
        "50_NumCatTE:PayAmt4:PayAmt5:PayAmt6:Status1:Status2:Status3:Status4:Status5.0": 0.0478765555,
        "1_BillAmt1": 0.0468285382,
        "44_CVCatNumEnc:Status1:Status2:Status3:Status6:PayAmt5.mean": 0.0454947725,
        "12_PayAmt4": 0.0400003903,
        "11_PayAmt3": 0.0384765677,
        "14_PayAmt6": 0.0372949168,
        "57_CVTE:CreditLimit:Status1:Status2:Status5.0": 0.0370087959,
        "41_CVTE:CreditLimit:Status1:Status2:Status4.0": 0.0368111692,
        "2_BillAmt2": 0.0357265547,
        "78_NumToCatWoE:PayAmt4.0": 0.031644281,
        "46_InteractionSub:Age:PayAmt5": 0.0302410927,
        "38_CVTE:CreditLimit:Status3:Status4:Status6.0": 0.0294594225,
        "54_ClusterID89:BillAmt3:CreditLimit": 0.0291914642,
        "21_Freq:Age": 0.0265414435,
        "52_WoE:Status3.0": 0.0257815719,
        "3_BillAmt3": 0.0252152421,
        "0_Age": 0.0250654481,
        "65_Freq:CreditLimit:Status1:Status6": 0.0231100805,
        "44_CVCatNumEnc:Status1:Status2:Status3:Status6:BillAmt1.mean": 0.0226081647,
        "74_NumCatTE:Age:PayAmt5:PayAmt6:Status1:Status4.0": 0.0215081461,
        "20_Status6": 0.0208969787,
        "4_BillAmt4": 0.0207165722,
        "77_ClusterID40:Age:BillAmt6": 0.0198926535,
        "6_BillAmt6": 0.0188879762,
        "5_BillAmt5": 0.0187352411,
        "22_Freq:CreditLimit": 0.0181504656,
        "37_Freq:Education": 0.017457379,
        "13_PayAmt5": 0.0168876387,
        "34_Freq:Status1:Status2:Status5": 0.0156547967,
        "44_CVCatNumEnc:Status1:Status2:Status3:Status6:BillAmt2.mean": 0.0147756431,
        "8_Education": 0.0144575136,
        "49_CVCatNumEnc:CreditLimit:Status1:Status2:Status4:Age.min": 0.0138491727,
        "70_ClusterTE:ClusterID4:PayAmt1:Status1:Status2:Status3.0": 0.0123321936,
        "60_NumToCatTE:Status1.0": 0.0120448181,
        "42_WoE:Status1.0": 0.01120348,
        "18_Status4": 0.0103785759,
        "62_ClusterTE:ClusterID94:Status1.0": 0.0096631832,
        "55_ClusterID27:CreditLimit:PayAmt2:PayAmt6:Status1": 0.0090649566,
        "36_ClusterID69:BillAmt1:PayAmt3:Status1:Status3": 0.0087011792,
        "49_CVCatNumEnc:CreditLimit:Status1:Status2:Status4:PayAmt2.min": 0.0080729378,
        "66_NumCatTE:CreditLimit:PayAmt2:PayAmt3:PayAmt6:Status1:Status2:Status5.0": 0.0071114348,
        "49_CVCatNumEnc:CreditLimit:Status1:Status2:Status4:Status5.min": 0.0067956722,
        "63_Freq:Status2": 0.0048865234,
        "19_Status5": 0.0046043131
    },
    "Shift of Relative Importance": {
        "45_NumToCatWoE:PayAmt3:Status1:Status2.0": 0.0,
        "61_NumToCatWoE:PayAmt2:Status1:Status2.0": 0.6530992985,
        "51_ClusterTE:ClusterID71:PayAmt3:Status1:Status3.0": -0.1802238524,
        "53_ClusterTE:ClusterID60:CreditLimit:PayAmt5:Status1.0": 0.0211595669,
        "73_WoE:CreditLimit:Status1:Status2.0": 0.0018868223,
        "44_CVCatNumEnc:Status1:Status2:Status3:Status6:CreditLimit.mean": 0.0482643731,
        "56_NumToCatWoE:CreditLimit:PayAmt1:Status5.0": 0.0209210664,
        "72_WoE:CreditLimit:Status1:Status2:Status4.0": 0.0335203893,
        "33_NumToCatWoE:BillAmt5:Status5.0": 0.0300703645,
        "48_NumCatTE:BillAmt2:CreditLimit:PayAmt4:PayAmt6:Status1:Status3.0": 0.0379061699,
        "10_PayAmt2": 0.0302343927,
        "47_WoE:Age:Status1:Status4:Status5.0": 0.0236409083,
        "68_NumToCatWoE:BillAmt6:PayAmt3.0": 0.0272308737,
        "39_NumCatTE:CreditLimit:Status1:Status2:Status5.0": -0.0256772116,
        "69_NumToCatWoE:BillAmt5:PayAmt1:PayAmt3:Status2.0": 0.0390357971,
        "9_PayAmt1": 0.0029301718,
        "7_CreditLimit": 0.0389322825,
        "64_InteractionSub:BillAmt1:Status1": 0.0202065371,
        "59_ClusterTE:ClusterID12:BillAmt5:Status4:Status5.0": 0.0227501746,
        "50_NumCatTE:PayAmt4:PayAmt5:PayAmt6:Status1:Status2:Status3:Status4:Status5.0": 0.0290809181,
        "1_BillAmt1": 0.0175634492,
        "44_CVCatNumEnc:Status1:Status2:Status3:Status6:PayAmt5.mean": 0.0266131051,
        "12_PayAmt4": 0.0145546012,
        "11_PayAmt3": 0.0029297844,
        "14_PayAmt6": 0.0085569881,
        "57_CVTE:CreditLimit:Status1:Status2:Status5.0": -0.0011332631,
        "41_CVTE:CreditLimit:Status1:Status2:Status4.0": -0.0013780408,
        "2_BillAmt2": 0.0143678393,
        "78_NumToCatWoE:PayAmt4.0": 0.0016998947,
        "46_InteractionSub:Age:PayAmt5": 0.010719778,
        "38_CVTE:CreditLimit:Status3:Status4:Status6.0": 0.0187811889,
        "54_ClusterID89:BillAmt3:CreditLimit": 0.0138482731,
        "21_Freq:Age": 0.0029482972,
        "52_WoE:Status3.0": 0.014016252,
        "3_BillAmt3": 0.0047824252,
        "0_Age": -0.0088618584,
        "65_Freq:CreditLimit:Status1:Status6": 0.0085038282,
        "44_CVCatNumEnc:Status1:Status2:Status3:Status6:BillAmt1.mean": 0.006180441,
        "74_NumCatTE:Age:PayAmt5:PayAmt6:Status1:Status4.0": 0.0025388598,
        "20_Status6": 0.01426211,
        "4_BillAmt4": 0.0039421152,
        "77_ClusterID40:Age:BillAmt6": 0.0156901851,
        "6_BillAmt6": 0.0068256008,
        "5_BillAmt5": 0.008316271,
        "22_Freq:CreditLimit": 0.0085513387,
        "37_Freq:Education": 0.0085432976,
        "13_PayAmt5": 0.0099122748,
        "34_Freq:Status1:Status2:Status5": 0.0032901447,
        "44_CVCatNumEnc:Status1:Status2:Status3:Status6:BillAmt2.mean": -0.0096379668,
        "8_Education": 0.0075192731,
        "49_CVCatNumEnc:CreditLimit:Status1:Status2:Status4:Age.min": 0.0061544795,
        "70_ClusterTE:ClusterID4:PayAmt1:Status1:Status2:Status3.0": 0.0012062257,
        "60_NumToCatTE:Status1.0": -1.0198e-06,
        "42_WoE:Status1.0": 0.0039515868,
        "18_Status4": -0.0018582251,
        "62_ClusterTE:ClusterID94:Status1.0": -0.000414012,
        "55_ClusterID27:CreditLimit:PayAmt2:PayAmt6:Status1": 0.0029033693,
        "36_ClusterID69:BillAmt1:PayAmt3:Status1:Status3": 0.0015965127,
        "49_CVCatNumEnc:CreditLimit:Status1:Status2:Status4:PayAmt2.min": 0.0031316048,
        "66_NumCatTE:CreditLimit:PayAmt2:PayAmt3:PayAmt6:Status1:Status2:Status5.0": -0.0024436973,
        "49_CVCatNumEnc:CreditLimit:Status1:Status2:Status4:Status5.min": 0.0013283342,
        "63_Freq:Status2": -0.0138773005,
        "19_Status5": -0.0159771144
    },
    "Description": {
        "45_NumToCatWoE:PayAmt3:Status1:Status2.0": "Weight of Evidence for columns ['PayAmt3', 'Status1', 'Status2'] column #0 (numeric columns are bucketed into 25 equally populated bins)",
        "61_NumToCatWoE:PayAmt2:Status1:Status2.0": "Weight of Evidence for columns ['PayAmt2', 'Status1', 'Status2'] column #0 (numeric columns are bucketed into 25 equally populated bins)",