{
    "Relative Importance": {
        "Status1": 1.0,
        "Status2": 0.7993422607,
        "PayAmt3": 0.4852451675,
        "CreditLimit": 0.2994571261,
        "PayAmt2": 0.2647372297,
        "Status3": 0.2114905337,
        "Status5": 0.1504492973,
        "Status4": 0.11911464,
        "PayAmt5": 0.0997809467,
        "Status6": 0.0868343282,
        "PayAmt1": 0.0735818555,
        "Age": 0.0665359119,
        "BillAmt5": 0.0653026693,
        "PayAmt6": 0.0639046564,
        "PayAmt4": 0.0627631755,
        "BillAmt1": 0.044548556,
        "BillAmt2": 0.03913828,
        "BillAmt6": 0.0328530997,
        "BillAmt3": 0.0186231648,
        "Education": 0.0109243206,
        "BillAmt4": 0.0070911872,
        "Sex": 0.0,
        "Marriage": 0.0
    },
    "Shift in Relative Importance": {
        "Status1": -0.0534097768,
        "Status2": 0.0656523282,
        "PayAmt3": -0.2450542229,
        "CreditLimit": -0.0059798831,
        "PayAmt2": 0.2234390374,
        "Status3": -0.0864917259,
        "Status5": -0.0184248433,
        "Status4": 0.0187024795,
        "PayAmt5": 0.0083531859,
        "Status6": 0.0196459474,
        "PayAmt1": 0.0015435767,
        "Age": -0.0010514273,
        "BillAmt5": 0.0220403219,
        "PayAmt6": 0.012264603,
        "PayAmt4": 0.0149590593,
        "BillAmt1": 0.0041541784,
        "BillAmt2": 0.0049009577,
        "BillAmt6": 0.0107783061,
        "BillAmt3": 0.0015409349,
        "Education": 0.0033551976,
        "BillAmt4": -0.0009182344,
        "Sex": 0.0,
        "Marriage": 0.0
    }
}