{
    "Relative Importance": {
        "45_NumToCatWoE:PayAmt3:Status1:Status2.0": 1.0,
        "51_ClusterTE:ClusterID71:PayAmt3:Status1:Status3.0": 0.4298782349,
        "53_ClusterTE:ClusterID60:CreditLimit:PayAmt5:Status1.0": 0.1083376035,
        "73_WoE:CreditLimit:Status1:Status2.0": 0.095934011,
        "39_NumCatTE:CreditLimit:Status1:Status2:Status5.0": 0.08257135,
        "56_NumToCatWoE:CreditLimit:PayAmt1:Status5.0": 0.0698161274,
        "9_PayAmt1": 0.0524870306,
        "44_CVCatNumEnc:Status1:Status2:Status3:Status6:CreditLimit.mean": 0.0490729995,
        "41_CVTE:CreditLimit:Status1:Status2:Status4.0": 0.03818921,
        "57_CVTE:CreditLimit:Status1:Status2:Status5.0": 0.038142059,
        "11_PayAmt3": 0.0355467834,
        "61_NumToCatWoE:PayAmt2:Status1:Status2.0": 0.0354407392,
        "33_NumToCatWoE:BillAmt5:Status5.0": 0.0344326273,
        "0_Age": 0.0339273065,
        "47_WoE:Age:Status1:Status4:Status5.0": 0.0336426944,
        "64_InteractionSub:BillAmt1:Status1": 0.0318021066,
        "72_WoE:CreditLimit:Status1:Status2:Status4.0": 0.0313711129,
        "10_PayAmt2": 0.0303936899,
        "68_NumToCatWoE:BillAmt6:PayAmt3.0": 0.0299672931,
        "78_NumToCatWoE:PayAmt4.0": 0.0299443863,
        "1_BillAmt1": 0.029265089,
        "14_PayAmt6": 0.0287379287,
        "59_ClusterTE:ClusterID12:BillAmt5:Status4:Status5.0": 0.0283109266,
        "48_NumCatTE:BillAmt2:CreditLimit:PayAmt4:PayAmt6:Status1:Status3.0": 0.0259322897,
        "12_PayAmt4": 0.0254457891,
        "44_CVCatNumEnc:Status1:Status2:Status3:Status6:BillAmt2.mean": 0.0244136099,
        "21_Freq:Age": 0.0235931464,
        "2_BillAmt2": 0.0213587154,
        "19_Status5": 0.020581428,
        "3_BillAmt3": 0.0204328168,
        "46_InteractionSub:Age:PayAmt5": 0.0195213147,
        "74_NumCatTE:Age:PayAmt5:PayAmt6:Status1:Status4.0": 0.0189692862,
        "44_CVCatNumEnc:Status1:Status2:Status3:Status6:PayAmt5.mean": 0.0188816674,
        "50_NumCatTE:PayAmt4:PayAmt5:PayAmt6:Status1:Status2:Status3:Status4:Status5.0": 0.0187956374,
        "63_Freq:Status2": 0.0187638234,
        "69_NumToCatWoE:BillAmt5:PayAmt1:PayAmt3:Status2.0": 0.0174435675,
        "4_BillAmt4": 0.0167744569,
        "44_CVCatNumEnc:Status1:Status2:Status3:Status6:BillAmt1.mean": 0.0164277237,
        "7_CreditLimit": 0.0162754841,
        "54_ClusterID89:BillAmt3:CreditLimit": 0.0153431911,
        "65_Freq:CreditLimit:Status1:Status6": 0.0146062523,
        "34_Freq:Status1:Status2:Status5": 0.012364652,
        "18_Status4": 0.012236801,
        "6_BillAmt6": 0.0120623754,
        "60_NumToCatTE:Status1.0": 0.0120458379,
        "52_WoE:Status3.0": 0.0117653199,
        "70_ClusterTE:ClusterID4:PayAmt1:Status1:Status2:Status3.0": 0.0111259678,
        "38_CVTE:CreditLimit:Status3:Status4:Status6.0": 0.0106782336,
        "5_BillAmt5": 0.0104189701,
        "62_ClusterTE:ClusterID94:Status1.0": 0.0100771952,
        "22_Freq:CreditLimit": 0.0095991269,
        "66_NumCatTE:CreditLimit:PayAmt2:PayAmt3:PayAmt6:Status1:Status2:Status5.0": 0.0095551321,
        "37_Freq:Education": 0.0089140814,
        "49_CVCatNumEnc:CreditLimit:Status1:Status2:Status4:Age.min": 0.0076946933,
        "42_WoE:Status1.0": 0.0072518932,
        "36_ClusterID69:BillAmt1:PayAmt3:Status1:Status3": 0.0071046664,
        "13_PayAmt5": 0.0069753639,
        "8_Education": 0.0069382405,
        "20_Status6": 0.0066348687,
        "55_ClusterID27:CreditLimit:PayAmt2:PayAmt6:Status1": 0.0061615873,
        "49_CVCatNumEnc:CreditLimit:Status1:Status2:Status4:Status5.min": 0.005467338,
        "49_CVCatNumEnc:CreditLimit:Status1:Status2:Status4:PayAmt2.min": 0.0049413331,
        "77_ClusterID40:Age:BillAmt6": 0.0042024683
    },
    "Standard Deviation of Relative Importance": {
        "45_NumToCatWoE:PayAmt3:Status1:Status2.0": 0.0,
        "51_ClusterTE:ClusterID71:PayAmt3:Status1:Status3.0": 0.0,
        "53_ClusterTE:ClusterID60:CreditLimit:PayAmt5:Status1.0": 0.0,
        "73_WoE:CreditLimit:Status1:Status2.0": 0.0,
        "39_NumCatTE:CreditLimit:Status1:Status2:Status5.0": 0.0,
        "56_NumToCatWoE:CreditLimit:PayAmt1:Status5.0": 0.0,
        "9_PayAmt1": 0.0,
        "44_CVCatNumEnc:Status1:Status2:Status3:Status6:CreditLimit.mean": 0.0,
        "41_CVTE:CreditLimit:Status1:Status2:Status4.0": 0.0,
        "57_CVTE:CreditLimit:Status1:Status2:Status5.0": 0.0,
        "11_PayAmt3": 0.0,
        "61_NumToCatWoE:PayAmt2:Status1:Status2.0": 0.0,
        "33_NumToCatWoE:BillAmt5:Status5.0": 0.0,
        "0_Age": 0.0,
        "47_WoE:Age:Status1:Status4:Status5.0": 0.0,
        "64_InteractionSub:BillAmt1:Status1": 0.0,
        "72_WoE:CreditLimit:Status1:Status2:Status4.0": 0.0,
        "10_PayAmt2": 0.0,
        "68_NumToCatWoE:BillAmt6:PayAmt3.0": 0.0,
        "78_NumToCatWoE:PayAmt4.0": 0.0,
        "1_BillAmt1": 0.0,
        "14_PayAmt6": 0.0,
        "59_ClusterTE:ClusterID12:BillAmt5:Status4:Status5.0": 0.0,
        "48_NumCatTE:BillAmt2:CreditLimit:PayAmt4:PayAmt6:Status1:Status3.0": 0.0,
        "12_PayAmt4": 0.0,
        "44_CVCatNumEnc:Status1:Status2:Status3:Status6:BillAmt2.mean": 0.0,
        "21_Freq:Age": 0.0,
        "2_BillAmt2": 0.0,
        "19_Status5": 0.0,
        "3_BillAmt3": 0.0,
        "46_InteractionSub:Age:PayAmt5": 0.0,
        "74_NumCatTE:Age:PayAmt5:PayAmt6:Status1:Status4.0": 0.0,
        "44_CVCatNumEnc:Status1:Status2:Status3:Status6:PayAmt5.mean": 0.0,
        "50_NumCatTE:PayAmt4:PayAmt5:PayAmt6:Status1:Status2:Status3:Status4:Status5.0": 0.0,
        "63_Freq:Status2": 0.0,
        "69_NumToCatWoE:BillAmt5:PayAmt1:PayAmt3:Status2.0": 0.0,
        "4_BillAmt4": 0.0,
        "44_CVCatNumEnc:Status1:Status2:Status3:Status6:BillAmt1.mean": 0.0,
        "7_CreditLimit": 0.0,
        "54_ClusterID89:BillAmt3:CreditLimit": 0.0,
        "65_Freq:CreditLimit:Status1:Status6": 0.0,
        "34_Freq:Status1:Status2:Status5": 0.0,
        "18_Status4": 0.0,
        "6_BillAmt6": 0.0,
        "60_NumToCatTE:Status1.0": 0.0,
        "52_WoE:Status3.0": 0.0,
        "70_ClusterTE:ClusterID4:PayAmt1:Status1:Status2:Status3.0": 0.0,
        "38_CVTE:CreditLimit:Status3:Status4:Status6.0": 0.0,
        "5_BillAmt5": 0.0,
        "62_ClusterTE:ClusterID94:Status1.0": 0.0,
        "22_Freq:CreditLimit": 0.0,
        "66_NumCatTE:CreditLimit:PayAmt2:PayAmt3:PayAmt6:Status1:Status2:Status5.0": 0.0,
        "37_Freq:Education": 0.0,
        "49_CVCatNumEnc:CreditLimit:Status1:Status2:Status4:Age.min": 0.0,
        "42_WoE:Status1.0": 0.0,
        "36_ClusterID69:BillAmt1:PayAmt3:Status1:Status3": 0.0,
        "13_PayAmt5": 0.0,
        "8_Education": 0.0,
        "20_Status6": 0.0,
        "55_ClusterID27:CreditLimit:PayAmt2:PayAmt6:Status1": 0.0,
        "49_CVCatNumEnc:CreditLimit:Status1:Status2:Status4:Status5.min": 0.0,
        "49_CVCatNumEnc:CreditLimit:Status1:Status2:Status4:PayAmt2.min": 0.0,
        "77_ClusterID40:Age:BillAmt6": 0.0
    },
    "Description": {
        "45_NumToCatWoE:PayAmt3:Status1:Status2.0": "Weight of Evidence for columns ['PayAmt3', 'Status1', 'Status2'] column #0 (numeric columns are bucketed into 25 equally populated bins)",
        "51_ClusterTE:ClusterID71:PayAmt3:Status1:Status3.0": "Out-of-fold mean of the response grouped by: ['ClusterID71:PayAmt3:Status1:Status3'] using 5 folds (Clustered into 71 clusters)",
        "53_ClusterTE:ClusterID60:CreditLimit:PayAmt5:Status1.0": "Out-of-fold mean of the response grouped by: ['ClusterID60:CreditLimit:PayAmt5:Status1'] using 5 folds (Clustered into 60 clusters)",
        "73_WoE:CreditLimit:Status1:Status2.0": "Weight of Evidence for columns ['CreditLimit', 'Status1', 'Status2'] column #0",
        "39_NumCatTE:CreditLimit:Status1:Status2:Status5.0": "Out-of-fold mean of the response grouped by: ['CreditLimit', 'Status1', 'Status2', 'Status5'] using 5 folds (numeric columns are bucketed into 25 equally populated bins)",