{
    "0": {
        "Threshold (max F1 score)": 0.2546548466,
        "Population": 6000,
        "P: Condition positive": 4673,
        "N: Condition negative": 1327,
        "Test outcome positive": 4461,
        "Test outcome negative": 1539,
        "TP: True Positive": 3922,
        "TN: True Negative": 788,
        "FP: False Positive": 539,
        "FN: False Negative": 751,
        "TPR: (Sensitivity, hit rate, recall)": 0.8392895356,
        "TNR=SPC: (Specificity)": 0.5938206481,
        "PPV: Pos Pred Value (Precision)": 0.8791750729,
        "NPV: Neg Pred Value": 0.5120207927,
        "FPR: False-out": 0.4061793519,
        "FDR: False Discovery Rate": 0.1208249271,
        "FNR: Miss Rate": 0.1607104644,
        "ACC: Accuracy": 0.785,
        "F1 score": 0.8587694329,
        "MCC: Matthews correlation coefficient": 0.4116198649,
        "Informedness": 0.4331101837,
        "Markedness": 0.3911958656,
        "Prevalence": 0.7788333333,
        "LR+: Positive likelihood ratio": 2.0663028085,
        "LR-: Negative likelihood ratio": 0.2706380536,
        "DOR: Diagnostic odds ratio": 7.6349307911,
        "FOR: False omission rate": 0.4879792073
    },
    "1": {
        "Threshold (max F1 score)": 0.2546548466,
        "Population": 6000,
        "P: Condition positive": 1327,
        "N: Condition negative": 4673,
        "Test outcome positive": 1539,
        "Test outcome negative": 4461,
        "TP: True Positive": 788,
        "TN: True Negative": 3922,
        "FP: False Positive": 751,
        "FN: False Negative": 539,
        "TPR: (Sensitivity, hit rate, recall)": 0.5938206481,
        "TNR=SPC: (Specificity)": 0.8392895356,
        "PPV: Pos Pred Value (Precision)": 0.5120207927,
        "NPV: Neg Pred Value": 0.8791750729,
        "FPR: False-out": 0.1607104644,
        "FDR: False Discovery Rate": 0.4879792073,
        "FNR: Miss Rate": 0.4061793519,
        "ACC: Accuracy": 0.785,
        "F1 score": 0.5498953245,
        "MCC: Matthews correlation coefficient": 0.4116198649,
        "Informedness": 0.4331101837,
        "Markedness": 0.3911958656,
        "Prevalence": 0.2211666667,
        "LR+: Positive likelihood ratio": 3.6949718888,
        "LR-: Negative likelihood ratio": 0.4839561733,
        "DOR: Diagnostic odds ratio": 7.6349307911,
        "FOR: False omission rate": 0.1208249271
    }
}