{
    "Coefficient": {
        "45_NumToCatWoE:PayAmt3:Status1:Status2.0": 56964.4765625,
        "61_NumToCatWoE:PayAmt2:Status1:Status2.0": 39222.32421875,
        "51_ClusterTE:ClusterID71:PayAmt3:Status1:Status3.0": 14221.431640625,
        "53_ClusterTE:ClusterID60:CreditLimit:PayAmt5:Status1.0": 7376.7387695312,
        "73_WoE:CreditLimit:Status1:Status2.0": 5572.3125,
        "44_CVCatNumEnc:Status1:Status2:Status3:Status6:CreditLimit.mean": 5544.7724609375,
        "56_NumToCatWoE:CreditLimit:PayAmt1:Status5.0": 5168.796875,
        "72_WoE:CreditLimit:Status1:Status2:Status4.0": 3696.5104980469,
        "33_NumToCatWoE:BillAmt5:Status5.0": 3674.3791503906,
        "48_NumCatTE:BillAmt2:CreditLimit:PayAmt4:PayAmt6:Status1:Status3.0": 3636.5244140625,
        "10_PayAmt2": 3453.6469726562,
        "47_WoE:Age:Status1:Status4:Status5.0": 3263.1303710938,
        "68_NumToCatWoE:BillAmt6:PayAmt3.0": 3258.263671875,
        "39_NumCatTE:CreditLimit:Status1:Status2:Status5.0": 3240.9448242188,
        "69_NumToCatWoE:BillAmt5:PayAmt1:PayAmt3:Status2.0": 3217.3173828125,
        "9_PayAmt1": 3156.8120117188,
        "7_CreditLimit": 3144.8815917969,
        "64_InteractionSub:BillAmt1:Status1": 2962.6452636719,
        "59_ClusterTE:ClusterID12:BillAmt5:Status4:Status5.0": 2908.6689453125,
        "50_NumCatTE:PayAmt4:PayAmt5:PayAmt6:Status1:Status2:Status3:Status4:Status5.0": 2727.2629394531,
        "1_BillAmt1": 2667.5632324219,
        "44_CVCatNumEnc:Status1:Status2:Status3:Status6:PayAmt5.mean": 2591.5859375,
        "12_PayAmt4": 2278.6013183594,
        "11_PayAmt3": 2191.7976074219,
        "14_PayAmt6": 2124.4853515625,
        "57_CVTE:CreditLimit:Status1:Status2:Status5.0": 2108.1867675781,
        "41_CVTE:CreditLimit:Status1:Status2:Status4.0": 2096.9289550781,
        "2_BillAmt2": 2035.14453125,
        "78_NumToCatWoE:PayAmt4.0": 1802.5999755859,
        "46_InteractionSub:Age:PayAmt5": 1722.66796875,
        "38_CVTE:CreditLimit:Status3:Status4:Status6.0": 1678.140625,
        "54_ClusterID89:BillAmt3:CreditLimit": 1662.8764648438,
        "21_Freq:Age": 1511.9194335938,
        "52_WoE:Status3.0": 1468.6337890625,
        "3_BillAmt3": 1436.373046875,
        "0_Age": 1427.8400878906,
        "65_Freq:CreditLimit:Status1:Status6": 1316.4536132812,
        "44_CVCatNumEnc:Status1:Status2:Status3:Status6:BillAmt1.mean": 1287.8623046875,
        "74_NumCatTE:Age:PayAmt5:PayAmt6:Status1:Status4.0": 1225.2003173828,
        "20_Status6": 1190.3854980469,
        "4_BillAmt4": 1180.1086425781,
        "77_ClusterID40:Age:BillAmt6": 1133.1745605469,
        "6_BillAmt6": 1075.9437255859,
        "5_BillAmt5": 1067.2431640625,
        "22_Freq:CreditLimit": 1033.9317626953,
        "37_Freq:Education": 994.4504394531,
        "13_PayAmt5": 961.9954833984,
        "34_Freq:Status1:Status2:Status5": 891.7673339844,
        "44_CVCatNumEnc:Status1:Status2:Status3:Status6:BillAmt2.mean": 841.6867675781,
        "8_Education": 823.5646972656,
        "49_CVCatNumEnc:CreditLimit:Status1:Status2:Status4:Age.min": 788.9108886719,
        "70_ClusterTE:ClusterID4:PayAmt1:Status1:Status2:Status3.0": 702.4969482422,
        "60_NumToCatTE:Status1.0": 686.1267700195,
        "42_WoE:Status1.0": 638.200378418,
        "18_Status4": 591.210144043,
        "62_ClusterTE:ClusterID94:Status1.0": 550.458190918,
        "55_ClusterID27:CreditLimit:PayAmt2:PayAmt6:Status1": 516.3804931641,
        "36_ClusterID69:BillAmt1:PayAmt3:Status1:Status3": 495.6581115723,
        "49_CVCatNumEnc:CreditLimit:Status1:Status2:Status4:PayAmt2.min": 459.8706970215,
        "66_NumCatTE:CreditLimit:PayAmt2:PayAmt3:PayAmt6:Status1:Status2:Status5.0": 405.0991516113,
        "49_CVCatNumEnc:CreditLimit:Status1:Status2:Status4:Status5.min": 387.111907959,
        "63_Freq:Status2": 278.3582458496,
        "19_Status5": 262.2822875977
    },
    "Standard Deviation of Coefficient": {
        "45_NumToCatWoE:PayAmt3:Status1:Status2.0": 8231.0582551699,
        "61_NumToCatWoE:PayAmt2:Status1:Status2.0": 8205.951986211,
        "51_ClusterTE:ClusterID71:PayAmt3:Status1:Status3.0": 1578.0584589932,
        "53_ClusterTE:ClusterID60:CreditLimit:PayAmt5:Status1.0": 308.7115866792,
        "73_WoE:CreditLimit:Status1:Status2.0": 1336.2744385043,
        "44_CVCatNumEnc:Status1:Status2:Status3:Status6:CreditLimit.mean": 288.0419213196,
        "56_NumToCatWoE:CreditLimit:PayAmt1:Status5.0": 284.1691975083,
        "72_WoE:CreditLimit:Status1:Status2:Status4.0": 326.2169403748,
        "33_NumToCatWoE:BillAmt5:Status5.0": 213.1236161979,
        "48_NumCatTE:BillAmt2:CreditLimit:PayAmt4:PayAmt6:Status1:Status3.0": 158.8442387608,
        "10_PayAmt2": 85.6166738653,
        "47_WoE:Age:Status1:Status4:Status5.0": 76.6881494471,
        "68_NumToCatWoE:BillAmt6:PayAmt3.0": 333.3199359287,
        "39_NumCatTE:CreditLimit:Status1:Status2:Status5.0": 213.9618741593,
        "69_NumToCatWoE:BillAmt5:PayAmt1:PayAmt3:Status2.0": 385.0615210586,
        "9_PayAmt1": 102.3694338001,
        "7_CreditLimit": 125.8114249519,
        "64_InteractionSub:BillAmt1:Status1": 244.9008568533,
        "59_ClusterTE:ClusterID12:BillAmt5:Status4:Status5.0": 331.3891924535,
        "50_NumCatTE:PayAmt4:PayAmt5:PayAmt6:Status1:Status2:Status3:Status4:Status5.0": 242.2563853648,
        "1_BillAmt1": 167.6553791916,
        "44_CVCatNumEnc:Status1:Status2:Status3:Status6:PayAmt5.mean": 233.6830786557,
        "12_PayAmt4": 225.3012913301,
        "11_PayAmt3": 158.1810177455,
        "14_PayAmt6": 88.2036384507,
        "57_CVTE:CreditLimit:Status1:Status2:Status5.0": 39.9299603481,
        "41_CVTE:CreditLimit:Status1:Status2:Status4.0": 58.5854119067,
        "2_BillAmt2": 158.8343218479,
        "78_NumToCatWoE:PayAmt4.0": 217.2005931305,
        "46_InteractionSub:Age:PayAmt5": 172.0687146989,
        "38_CVTE:CreditLimit:Status3:Status4:Status6.0": 117.7369535633,
        "54_ClusterID89:BillAmt3:CreditLimit": 61.9545140922,
        "21_Freq:Age": 68.7183556435,
        "52_WoE:Status3.0": 133.921013626,
        "3_BillAmt3": 92.1187084436,
        "0_Age": 39.2767437252,
        "65_Freq:CreditLimit:Status1:Status6": 43.1976657943,
        "44_CVCatNumEnc:Status1:Status2:Status3:Status6:BillAmt1.mean": 85.8970728774,
        "74_NumCatTE:Age:PayAmt5:PayAmt6:Status1:Status4.0": 34.3968715931,
        "20_Status6": 171.4598395033,
        "4_BillAmt4": 45.7036351467,
        "77_ClusterID40:Age:BillAmt6": 100.1394632968,
        "6_BillAmt6": 95.161745531,
        "5_BillAmt5": 63.8942550632,
        "22_Freq:CreditLimit": 66.4421961534,
        "37_Freq:Education": 45.6137855439,
        "13_PayAmt5": 20.4362852336,
        "34_Freq:Status1:Status2:Status5": 55.1894464549,
        "44_CVCatNumEnc:Status1:Status2:Status3:Status6:BillAmt2.mean": 31.580908153,
        "8_Education": 73.9592205786,
        "49_CVCatNumEnc:CreditLimit:Status1:Status2:Status4:Age.min": 20.3572606286,
        "70_ClusterTE:ClusterID4:PayAmt1:Status1:Status2:Status3.0": 27.041108661,
        "60_NumToCatTE:Status1.0": 38.674813651,
        "42_WoE:Status1.0": 47.1633811498,
        "18_Status4": 62.7796633697,
        "62_ClusterTE:ClusterID94:Status1.0": 50.372571863,
        "55_ClusterID27:CreditLimit:PayAmt2:PayAmt6:Status1": 45.7805034069,
        "36_ClusterID69:BillAmt1:PayAmt3:Status1:Status3": 43.5867699945,
        "49_CVCatNumEnc:CreditLimit:Status1:Status2:Status4:PayAmt2.min": 69.6133574198,
        "66_NumCatTE:CreditLimit:PayAmt2:PayAmt3:PayAmt6:Status1:Status2:Status5.0": 34.1241200093,
        "49_CVCatNumEnc:CreditLimit:Status1:Status2:Status4:Status5.min": 19.3625597978,
        "63_Freq:Status2": 54.6649909034,
        "19_Status5": 95.8785344036
    },
    "Description": {
        "45_NumToCatWoE:PayAmt3:Status1:Status2.0": "Weight of Evidence for columns ['PayAmt3', 'Status1', 'Status2'] column #0 (numeric columns are bucketed into 25 equally populated bins)",